colA,colB,colC,colD,colE,colF,colG,colH
$S_{O}$,g O$_2$ m$^{-3}$,XGBoost,$0.717$,$0.717$,$+0.000$,$0.784$,$0.784$
$S_{O}$,g O$_2$ m$^{-3}$,LightGBM,$0.690$,$0.690$,$-0.000$,$0.799$,$0.799$
$S_{O}$,g O$_2$ m$^{-3}$,CatBoost,$0.666$,$0.666$,$-0.000$,$0.813$,$0.813$
$S_{O}$,g O$_2$ m$^{-3}$,AdaBoost,$0.999$,$1.008$,$+0.009$,$0.579$,$0.572$
$S_{O}$,g O$_2$ m$^{-3}$,Random Forest,$1.408$,$1.410$,$+0.002$,$0.164$,$0.162$
$S_{O}$,g O$_2$ m$^{-3}$,Extra Trees,$1.007$,$1.018$,$+0.011$,$0.572$,$0.563$
$S_{O}$,g O$_2$ m$^{-3}$,SVR,$0.373$,$0.373$,$-0.000$,$0.941$,$0.941$
$S_{O}$,g O$_2$ m$^{-3}$,$k$-NN,$1.004$,$1.015$,$+0.011$,$0.575$,$0.566$
$S_{O}$,g O$_2$ m$^{-3}$,PLS,$0.695$,$0.619$,$-0.077$,$0.796$,$0.839$
$S_{O}$,g O$_2$ m$^{-3}$,Multi-task Elastic Net,$0.676$,$0.496$,$-0.180$,$0.807$,$0.896$
$S_{O}$,g O$_2$ m$^{-3}$,Multi-task Lasso,$0.676$,$0.496$,$-0.180$,$0.807$,$0.896$
$S_{O}$,g O$_2$ m$^{-3}$,MLP,$0.276$,$0.275$,$-0.001$,$0.968$,$0.968$
$S_{O}$,g O$_2$ m$^{-3}$,TabNet,$0.464$,$0.455$,$-0.008$,$0.909$,$0.913$
$S_{F}$,g COD m$^{-3}$,XGBoost,$2.951$,$2.951$,$-0.000$,$0.312$,$0.312$
$S_{F}$,g COD m$^{-3}$,LightGBM,$2.888$,$2.888$,$+0.000$,$0.342$,$0.342$
$S_{F}$,g COD m$^{-3}$,CatBoost,$2.865$,$2.865$,$-0.000$,$0.352$,$0.352$
$S_{F}$,g COD m$^{-3}$,AdaBoost,$3.050$,$3.689$,$+0.639$,$0.266$,$-0.074$
$S_{F}$,g COD m$^{-3}$,Random Forest,$3.517$,$4.755$,$+1.238$,$0.024$,$-0.785$
$S_{F}$,g COD m$^{-3}$,Extra Trees,$3.225$,$4.247$,$+1.022$,$0.179$,$-0.424$
$S_{F}$,g COD m$^{-3}$,SVR,$3.431$,$3.426$,$-0.005$,$0.071$,$0.074$
$S_{F}$,g COD m$^{-3}$,$k$-NN,$3.461$,$3.841$,$+0.379$,$0.054$,$-0.164$
$S_{F}$,g COD m$^{-3}$,PLS,$3.549$,$3.888$,$+0.339$,$0.006$,$-0.193$
$S_{F}$,g COD m$^{-3}$,Multi-task Elastic Net,$3.506$,$3.485$,$-0.020$,$0.030$,$0.041$
$S_{F}$,g COD m$^{-3}$,Multi-task Lasso,$3.506$,$3.485$,$-0.020$,$0.030$,$0.041$
$S_{F}$,g COD m$^{-3}$,MLP,$1.967$,$1.965$,$-0.002$,$0.695$,$0.695$
$S_{F}$,g COD m$^{-3}$,TabNet,$1.683$,$1.677$,$-0.006$,$0.776$,$0.778$
$S_{A}$,g COD m$^{-3}$,XGBoost,$0.288$,$0.288$,$-0.000$,$0.861$,$0.862$
$S_{A}$,g COD m$^{-3}$,LightGBM,$0.294$,$0.294$,$-0.000$,$0.855$,$0.855$
$S_{A}$,g COD m$^{-3}$,CatBoost,$0.284$,$0.282$,$-0.001$,$0.866$,$0.867$
$S_{A}$,g COD m$^{-3}$,AdaBoost,$0.545$,$0.569$,$+0.024$,$0.504$,$0.460$
$S_{A}$,g COD m$^{-3}$,Random Forest,$0.493$,$0.551$,$+0.058$,$0.594$,$0.494$
$S_{A}$,g COD m$^{-3}$,Extra Trees,$0.424$,$0.476$,$+0.051$,$0.699$,$0.622$
$S_{A}$,g COD m$^{-3}$,SVR,$0.554$,$0.409$,$-0.145$,$0.487$,$0.720$
$S_{A}$,g COD m$^{-3}$,$k$-NN,$0.581$,$0.595$,$+0.014$,$0.436$,$0.408$
$S_{A}$,g COD m$^{-3}$,PLS,$0.971$,$0.616$,$-0.355$,$-0.576$,$0.365$
$S_{A}$,g COD m$^{-3}$,Multi-task Elastic Net,$0.955$,$0.545$,$-0.410$,$-0.524$,$0.503$
$S_{A}$,g COD m$^{-3}$,Multi-task Lasso,$0.955$,$0.545$,$-0.410$,$-0.525$,$0.503$
$S_{A}$,g COD m$^{-3}$,MLP,$0.197$,$0.177$,$-0.020$,$0.935$,$0.947$
$S_{A}$,g COD m$^{-3}$,TabNet,$0.449$,$0.448$,$-0.000$,$0.664$,$0.664$
$S_{NH4}$,g N m$^{-3}$,XGBoost,$0.827$,$0.471$,$-0.357$,$0.760$,$0.922$
$S_{NH4}$,g N m$^{-3}$,LightGBM,$0.809$,$0.478$,$-0.330$,$0.771$,$0.920$
$S_{NH4}$,g N m$^{-3}$,CatBoost,$0.797$,$0.449$,$-0.348$,$0.777$,$0.929$
$S_{NH4}$,g N m$^{-3}$,AdaBoost,$1.074$,$0.731$,$-0.343$,$0.596$,$0.813$
$S_{NH4}$,g N m$^{-3}$,Random Forest,$1.445$,$0.953$,$-0.492$,$0.267$,$0.682$
$S_{NH4}$,g N m$^{-3}$,Extra Trees,$1.209$,$0.649$,$-0.560$,$0.487$,$0.852$
$S_{NH4}$,g N m$^{-3}$,SVR,$0.748$,$0.536$,$-0.212$,$0.804$,$0.899$
$S_{NH4}$,g N m$^{-3}$,$k$-NN,$1.163$,$0.727$,$-0.437$,$0.525$,$0.815$
$S_{NH4}$,g N m$^{-3}$,PLS,$1.410$,$0.794$,$-0.616$,$0.303$,$0.779$
$S_{NH4}$,g N m$^{-3}$,Multi-task Elastic Net,$1.157$,$0.791$,$-0.366$,$0.530$,$0.780$
$S_{NH4}$,g N m$^{-3}$,Multi-task Lasso,$1.157$,$0.791$,$-0.366$,$0.530$,$0.780$
$S_{NH4}$,g N m$^{-3}$,MLP,$0.427$,$0.300$,$-0.128$,$0.936$,$0.968$
$S_{NH4}$,g N m$^{-3}$,TabNet,$0.287$,$0.248$,$-0.039$,$0.971$,$0.978$
$S_{NO2}$,g N m$^{-3}$,XGBoost,$1.186$,$1.136$,$-0.050$,$0.422$,$0.470$
$S_{NO2}$,g N m$^{-3}$,LightGBM,$1.203$,$1.163$,$-0.040$,$0.405$,$0.444$
$S_{NO2}$,g N m$^{-3}$,CatBoost,$1.180$,$1.134$,$-0.047$,$0.428$,$0.472$
$S_{NO2}$,g N m$^{-3}$,AdaBoost,$1.438$,$1.407$,$-0.031$,$0.151$,$0.187$
$S_{NO2}$,g N m$^{-3}$,Random Forest,$1.538$,$1.498$,$-0.040$,$0.029$,$0.078$
$S_{NO2}$,g N m$^{-3}$,Extra Trees,$1.285$,$1.203$,$-0.083$,$0.322$,$0.406$
$S_{NO2}$,g N m$^{-3}$,SVR,$1.378$,$1.106$,$-0.272$,$0.220$,$0.498$
$S_{NO2}$,g N m$^{-3}$,$k$-NN,$1.326$,$1.274$,$-0.052$,$0.278$,$0.334$
$S_{NO2}$,g N m$^{-3}$,PLS,$1.425$,$1.377$,$-0.047$,$0.167$,$0.221$
$S_{NO2}$,g N m$^{-3}$,Multi-task Elastic Net,$1.418$,$1.404$,$-0.014$,$0.175$,$0.190$
$S_{NO2}$,g N m$^{-3}$,Multi-task Lasso,$1.418$,$1.404$,$-0.014$,$0.175$,$0.190$
$S_{NO2}$,g N m$^{-3}$,MLP,$0.520$,$0.518$,$-0.002$,$0.889$,$0.890$
$S_{NO2}$,g N m$^{-3}$,TabNet,$0.826$,$0.823$,$-0.003$,$0.720$,$0.722$
$S_{NO3}$,g N m$^{-3}$,XGBoost,$0.792$,$0.725$,$-0.067$,$0.751$,$0.792$
$S_{NO3}$,g N m$^{-3}$,LightGBM,$0.789$,$0.733$,$-0.057$,$0.753$,$0.787$
$S_{NO3}$,g N m$^{-3}$,CatBoost,$0.770$,$0.708$,$-0.062$,$0.765$,$0.801$
$S_{NO3}$,g N m$^{-3}$,AdaBoost,$1.076$,$0.983$,$-0.093$,$0.541$,$0.617$
$S_{NO3}$,g N m$^{-3}$,Random Forest,$1.400$,$1.113$,$-0.287$,$0.223$,$0.509$
$S_{NO3}$,g N m$^{-3}$,Extra Trees,$1.009$,$0.875$,$-0.134$,$0.596$,$0.696$
$S_{NO3}$,g N m$^{-3}$,SVR,$0.859$,$0.719$,$-0.140$,$0.707$,$0.795$
$S_{NO3}$,g N m$^{-3}$,$k$-NN,$1.027$,$0.768$,$-0.259$,$0.582$,$0.766$
$S_{NO3}$,g N m$^{-3}$,PLS,$1.163$,$0.747$,$-0.416$,$0.464$,$0.779$
$S_{NO3}$,g N m$^{-3}$,Multi-task Elastic Net,$1.113$,$0.839$,$-0.274$,$0.509$,$0.721$
$S_{NO3}$,g N m$^{-3}$,Multi-task Lasso,$1.113$,$0.839$,$-0.274$,$0.509$,$0.721$
$S_{NO3}$,g N m$^{-3}$,MLP,$0.435$,$0.298$,$-0.138$,$0.925$,$0.965$
$S_{NO3}$,g N m$^{-3}$,TabNet,$0.509$,$0.294$,$-0.215$,$0.897$,$0.966$
$S_{N2}$,g N m$^{-3}$,XGBoost,$0.790$,$0.812$,$+0.022$,$0.591$,$0.568$
$S_{N2}$,g N m$^{-3}$,LightGBM,$0.809$,$0.845$,$+0.036$,$0.572$,$0.533$
$S_{N2}$,g N m$^{-3}$,CatBoost,$0.773$,$0.807$,$+0.035$,$0.609$,$0.574$
$S_{N2}$,g N m$^{-3}$,AdaBoost,$0.979$,$0.965$,$-0.013$,$0.373$,$0.390$
$S_{N2}$,g N m$^{-3}$,Random Forest,$1.087$,$1.031$,$-0.055$,$0.227$,$0.304$
$S_{N2}$,g N m$^{-3}$,Extra Trees,$0.906$,$0.934$,$+0.028$,$0.463$,$0.429$
$S_{N2}$,g N m$^{-3}$,SVR,$0.990$,$0.862$,$-0.128$,$0.359$,$0.514$
$S_{N2}$,g N m$^{-3}$,$k$-NN,$0.872$,$0.836$,$-0.036$,$0.503$,$0.543$
$S_{N2}$,g N m$^{-3}$,PLS,$1.046$,$0.974$,$-0.072$,$0.285$,$0.379$
$S_{N2}$,g N m$^{-3}$,Multi-task Elastic Net,$0.995$,$0.875$,$-0.120$,$0.353$,$0.499$
$S_{N2}$,g N m$^{-3}$,Multi-task Lasso,$0.995$,$0.875$,$-0.120$,$0.353$,$0.499$
$S_{N2}$,g N m$^{-3}$,MLP,$0.354$,$0.358$,$+0.004$,$0.918$,$0.916$
$S_{N2}$,g N m$^{-3}$,TabNet,$0.451$,$0.429$,$-0.021$,$0.867$,$0.879$
$S_{PO4}$,g P m$^{-3}$,XGBoost,$0.352$,$0.319$,$-0.033$,$0.872$,$0.895$
$S_{PO4}$,g P m$^{-3}$,LightGBM,$0.350$,$0.321$,$-0.029$,$0.874$,$0.894$
$S_{PO4}$,g P m$^{-3}$,CatBoost,$0.326$,$0.310$,$-0.016$,$0.891$,$0.901$
$S_{PO4}$,g P m$^{-3}$,AdaBoost,$0.627$,$0.555$,$-0.072$,$0.595$,$0.683$
$S_{PO4}$,g P m$^{-3}$,Random Forest,$0.840$,$0.566$,$-0.274$,$0.274$,$0.670$
$S_{PO4}$,g P m$^{-3}$,Extra Trees,$0.691$,$0.468$,$-0.222$,$0.509$,$0.774$
$S_{PO4}$,g P m$^{-3}$,SVR,$0.471$,$0.449$,$-0.022$,$0.771$,$0.793$
$S_{PO4}$,g P m$^{-3}$,$k$-NN,$0.601$,$0.498$,$-0.103$,$0.628$,$0.744$
$S_{PO4}$,g P m$^{-3}$,PLS,$0.878$,$0.684$,$-0.194$,$0.206$,$0.518$
$S_{PO4}$,g P m$^{-3}$,Multi-task Elastic Net,$0.790$,$0.653$,$-0.138$,$0.356$,$0.561$
$S_{PO4}$,g P m$^{-3}$,Multi-task Lasso,$0.791$,$0.653$,$-0.138$,$0.356$,$0.561$
$S_{PO4}$,g P m$^{-3}$,MLP,$0.270$,$0.252$,$-0.018$,$0.925$,$0.935$
$S_{PO4}$,g P m$^{-3}$,TabNet,$0.400$,$0.352$,$-0.048$,$0.835$,$0.873$
$S_{I}$,g COD m$^{-3}$,XGBoost,$0.016$,$0.000$,$-0.016$,$1.000$,$1.000$
$S_{I}$,g COD m$^{-3}$,LightGBM,$0.004$,$0.000$,$-0.004$,$1.000$,$1.000$
$S_{I}$,g COD m$^{-3}$,CatBoost,$0.006$,$0.000$,$-0.006$,$1.000$,$1.000$
$S_{I}$,g COD m$^{-3}$,AdaBoost,$0.088$,$0.000$,$-0.088$,$0.992$,$1.000$
$S_{I}$,g COD m$^{-3}$,Random Forest,$0.434$,$0.000$,$-0.434$,$0.812$,$1.000$
$S_{I}$,g COD m$^{-3}$,Extra Trees,$0.480$,$0.000$,$-0.480$,$0.770$,$1.000$
$S_{I}$,g COD m$^{-3}$,SVR,$0.239$,$0.000$,$-0.239$,$0.943$,$1.000$
$S_{I}$,g COD m$^{-3}$,$k$-NN,$0.505$,$0.000$,$-0.505$,$0.745$,$1.000$
$S_{I}$,g COD m$^{-3}$,PLS,$0.169$,$0.000$,$-0.169$,$0.971$,$1.000$
$S_{I}$,g COD m$^{-3}$,Multi-task Elastic Net,$0.002$,$0.000$,$-0.002$,$1.000$,$1.000$
$S_{I}$,g COD m$^{-3}$,Multi-task Lasso,$0.002$,$0.000$,$-0.002$,$1.000$,$1.000$
$S_{I}$,g COD m$^{-3}$,MLP,$0.141$,$0.000$,$-0.141$,$0.980$,$1.000$
$S_{I}$,g COD m$^{-3}$,TabNet,$0.224$,$0.000$,$-0.224$,$0.950$,$1.000$
$S_{ALK}$,mol m$^{-3}$,XGBoost,$0.029$,$0.016$,$-0.014$,$0.999$,$1.000$
$S_{ALK}$,mol m$^{-3}$,LightGBM,$0.027$,$0.016$,$-0.011$,$0.999$,$1.000$
$S_{ALK}$,mol m$^{-3}$,CatBoost,$0.025$,$0.015$,$-0.010$,$0.999$,$1.000$
$S_{ALK}$,mol m$^{-3}$,AdaBoost,$0.092$,$0.026$,$-0.066$,$0.992$,$0.999$
$S_{ALK}$,mol m$^{-3}$,Random Forest,$0.197$,$0.030$,$-0.167$,$0.961$,$0.999$
$S_{ALK}$,mol m$^{-3}$,Extra Trees,$0.492$,$0.021$,$-0.472$,$0.760$,$1.000$
$S_{ALK}$,mol m$^{-3}$,SVR,$0.243$,$0.020$,$-0.224$,$0.941$,$1.000$
$S_{ALK}$,mol m$^{-3}$,$k$-NN,$0.520$,$0.023$,$-0.497$,$0.732$,$0.999$
$S_{ALK}$,mol m$^{-3}$,PLS,$0.508$,$0.024$,$-0.484$,$0.745$,$0.999$
$S_{ALK}$,mol m$^{-3}$,Multi-task Elastic Net,$0.040$,$0.026$,$-0.014$,$0.998$,$0.999$
$S_{ALK}$,mol m$^{-3}$,Multi-task Lasso,$0.040$,$0.026$,$-0.014$,$0.998$,$0.999$
$S_{ALK}$,mol m$^{-3}$,MLP,$0.135$,$0.010$,$-0.125$,$0.982$,$1.000$
$S_{ALK}$,mol m$^{-3}$,TabNet,$0.201$,$0.007$,$-0.194$,$0.960$,$1.000$
$X_{I}$,g COD m$^{-3}$,XGBoost,$0.121$,$0.131$,$+0.011$,$0.986$,$0.983$
$X_{I}$,g COD m$^{-3}$,LightGBM,$0.116$,$0.123$,$+0.007$,$0.987$,$0.985$
$X_{I}$,g COD m$^{-3}$,CatBoost,$0.111$,$0.119$,$+0.008$,$0.988$,$0.986$
$X_{I}$,g COD m$^{-3}$,AdaBoost,$0.248$,$0.286$,$+0.038$,$0.939$,$0.920$
$X_{I}$,g COD m$^{-3}$,Random Forest,$0.386$,$0.410$,$+0.024$,$0.854$,$0.835$
$X_{I}$,g COD m$^{-3}$,Extra Trees,$0.516$,$0.510$,$-0.006$,$0.737$,$0.743$
$X_{I}$,g COD m$^{-3}$,SVR,$0.250$,$0.265$,$+0.015$,$0.939$,$0.931$
$X_{I}$,g COD m$^{-3}$,$k$-NN,$0.504$,$0.505$,$+0.001$,$0.750$,$0.749$
$X_{I}$,g COD m$^{-3}$,PLS,$0.611$,$0.629$,$+0.018$,$0.632$,$0.610$
$X_{I}$,g COD m$^{-3}$,Multi-task Elastic Net,$0.070$,$0.076$,$+0.006$,$0.995$,$0.994$
$X_{I}$,g COD m$^{-3}$,Multi-task Lasso,$0.070$,$0.076$,$+0.006$,$0.995$,$0.994$
$X_{I}$,g COD m$^{-3}$,MLP,$0.129$,$0.130$,$+0.002$,$0.984$,$0.983$
$X_{I}$,g COD m$^{-3}$,TabNet,$0.351$,$0.357$,$+0.006$,$0.879$,$0.875$
$X_{S}$,g COD m$^{-3}$,XGBoost,$0.955$,$0.955$,$+0.000$,$0.745$,$0.745$
$X_{S}$,g COD m$^{-3}$,LightGBM,$0.920$,$0.920$,$+0.000$,$0.764$,$0.764$
$X_{S}$,g COD m$^{-3}$,CatBoost,$0.926$,$0.926$,$+0.000$,$0.760$,$0.760$
$X_{S}$,g COD m$^{-3}$,AdaBoost,$1.172$,$1.187$,$+0.015$,$0.616$,$0.606$
$X_{S}$,g COD m$^{-3}$,Random Forest,$1.180$,$1.240$,$+0.060$,$0.611$,$0.570$
$X_{S}$,g COD m$^{-3}$,Extra Trees,$1.284$,$1.318$,$+0.034$,$0.539$,$0.514$
$X_{S}$,g COD m$^{-3}$,SVR,$0.760$,$0.748$,$-0.012$,$0.839$,$0.844$
$X_{S}$,g COD m$^{-3}$,$k$-NN,$1.440$,$1.423$,$-0.017$,$0.421$,$0.434$
$X_{S}$,g COD m$^{-3}$,PLS,$1.681$,$1.456$,$-0.225$,$0.210$,$0.408$
$X_{S}$,g COD m$^{-3}$,Multi-task Elastic Net,$1.421$,$1.101$,$-0.319$,$0.436$,$0.661$
$X_{S}$,g COD m$^{-3}$,Multi-task Lasso,$1.421$,$1.101$,$-0.320$,$0.436$,$0.661$
$X_{S}$,g COD m$^{-3}$,MLP,$0.342$,$0.342$,$-0.000$,$0.967$,$0.967$
$X_{S}$,g COD m$^{-3}$,TabNet,$0.344$,$0.340$,$-0.004$,$0.967$,$0.968$
$X_{H}$,g COD m$^{-3}$,XGBoost,$0.460$,$0.786$,$+0.326$,$0.859$,$0.589$
$X_{H}$,g COD m$^{-3}$,LightGBM,$0.460$,$0.749$,$+0.290$,$0.860$,$0.627$
$X_{H}$,g COD m$^{-3}$,CatBoost,$0.447$,$0.719$,$+0.272$,$0.867$,$0.656$
$X_{H}$,g COD m$^{-3}$,AdaBoost,$0.861$,$1.386$,$+0.525$,$0.507$,$-0.276$
$X_{H}$,g COD m$^{-3}$,Random Forest,$0.688$,$2.653$,$+1.965$,$0.686$,$-3.677$
$X_{H}$,g COD m$^{-3}$,Extra Trees,$0.966$,$1.519$,$+0.552$,$0.379$,$-0.533$
$X_{H}$,g COD m$^{-3}$,SVR,$0.502$,$0.737$,$+0.235$,$0.832$,$0.639$
$X_{H}$,g COD m$^{-3}$,$k$-NN,$0.741$,$1.319$,$+0.578$,$0.635$,$-0.157$
$X_{H}$,g COD m$^{-3}$,PLS,$1.159$,$0.996$,$-0.163$,$0.108$,$0.341$
$X_{H}$,g COD m$^{-3}$,Multi-task Elastic Net,$0.912$,$0.774$,$-0.138$,$0.447$,$0.602$
$X_{H}$,g COD m$^{-3}$,Multi-task Lasso,$0.912$,$0.774$,$-0.139$,$0.447$,$0.602$
$X_{H}$,g COD m$^{-3}$,MLP,$0.258$,$0.375$,$+0.117$,$0.956$,$0.907$
$X_{H}$,g COD m$^{-3}$,TabNet,$0.311$,$0.569$,$+0.259$,$0.936$,$0.784$
$X_{PAO}$,g COD m$^{-3}$,XGBoost,$0.196$,$0.209$,$+0.013$,$0.959$,$0.953$
$X_{PAO}$,g COD m$^{-3}$,LightGBM,$0.205$,$0.216$,$+0.011$,$0.955$,$0.950$
$X_{PAO}$,g COD m$^{-3}$,CatBoost,$0.192$,$0.208$,$+0.016$,$0.961$,$0.954$
$X_{PAO}$,g COD m$^{-3}$,AdaBoost,$0.291$,$0.295$,$+0.004$,$0.910$,$0.907$
$X_{PAO}$,g COD m$^{-3}$,Random Forest,$0.600$,$0.608$,$+0.008$,$0.615$,$0.605$
$X_{PAO}$,g COD m$^{-3}$,Extra Trees,$0.415$,$0.419$,$+0.005$,$0.816$,$0.812$
$X_{PAO}$,g COD m$^{-3}$,SVR,$0.312$,$0.312$,$-0.000$,$0.896$,$0.896$
$X_{PAO}$,g COD m$^{-3}$,$k$-NN,$0.507$,$0.498$,$-0.009$,$0.726$,$0.735$
$X_{PAO}$,g COD m$^{-3}$,PLS,$0.706$,$0.741$,$+0.035$,$0.467$,$0.413$
$X_{PAO}$,g COD m$^{-3}$,Multi-task Elastic Net,$0.318$,$0.288$,$-0.030$,$0.892$,$0.912$
$X_{PAO}$,g COD m$^{-3}$,Multi-task Lasso,$0.318$,$0.288$,$-0.030$,$0.892$,$0.912$
$X_{PAO}$,g COD m$^{-3}$,MLP,$0.197$,$0.198$,$+0.001$,$0.959$,$0.958$
$X_{PAO}$,g COD m$^{-3}$,TabNet,$0.285$,$0.289$,$+0.004$,$0.913$,$0.911$
$X_{PP}$,g P m$^{-3}$,XGBoost,$0.391$,$0.407$,$+0.015$,$0.824$,$0.811$
$X_{PP}$,g P m$^{-3}$,LightGBM,$0.391$,$0.408$,$+0.016$,$0.824$,$0.810$
$X_{PP}$,g P m$^{-3}$,CatBoost,$0.380$,$0.388$,$+0.008$,$0.834$,$0.827$
$X_{PP}$,g P m$^{-3}$,AdaBoost,$0.657$,$0.715$,$+0.058$,$0.505$,$0.413$
$X_{PP}$,g P m$^{-3}$,Random Forest,$0.710$,$0.783$,$+0.073$,$0.421$,$0.297$
$X_{PP}$,g P m$^{-3}$,Extra Trees,$0.605$,$0.620$,$+0.015$,$0.580$,$0.559$
$X_{PP}$,g P m$^{-3}$,SVR,$0.549$,$0.545$,$-0.004$,$0.654$,$0.659$
$X_{PP}$,g P m$^{-3}$,$k$-NN,$0.588$,$0.619$,$+0.031$,$0.603$,$0.561$
$X_{PP}$,g P m$^{-3}$,PLS,$0.968$,$0.872$,$-0.097$,$-0.075$,$0.129$
$X_{PP}$,g P m$^{-3}$,Multi-task Elastic Net,$0.876$,$0.813$,$-0.063$,$0.120$,$0.243$
$X_{PP}$,g P m$^{-3}$,Multi-task Lasso,$0.876$,$0.813$,$-0.064$,$0.120$,$0.243$
$X_{PP}$,g P m$^{-3}$,MLP,$0.315$,$0.312$,$-0.003$,$0.886$,$0.888$
$X_{PP}$,g P m$^{-3}$,TabNet,$0.454$,$0.429$,$-0.025$,$0.764$,$0.789$
$X_{PHA}$,g COD m$^{-3}$,XGBoost,$0.469$,$0.468$,$-0.001$,$0.785$,$0.785$
$X_{PHA}$,g COD m$^{-3}$,LightGBM,$0.477$,$0.476$,$-0.001$,$0.777$,$0.778$
$X_{PHA}$,g COD m$^{-3}$,CatBoost,$0.472$,$0.471$,$-0.002$,$0.781$,$0.783$
$X_{PHA}$,g COD m$^{-3}$,AdaBoost,$0.786$,$0.787$,$+0.001$,$0.395$,$0.393$
$X_{PHA}$,g COD m$^{-3}$,Random Forest,$0.793$,$0.793$,$+0.000$,$0.384$,$0.383$
$X_{PHA}$,g COD m$^{-3}$,Extra Trees,$0.682$,$0.682$,$+0.000$,$0.545$,$0.545$
$X_{PHA}$,g COD m$^{-3}$,SVR,$0.710$,$0.705$,$-0.005$,$0.507$,$0.513$
$X_{PHA}$,g COD m$^{-3}$,$k$-NN,$0.698$,$0.698$,$-0.000$,$0.522$,$0.523$
$X_{PHA}$,g COD m$^{-3}$,PLS,$1.057$,$0.813$,$-0.244$,$-0.095$,$0.352$
$X_{PHA}$,g COD m$^{-3}$,Multi-task Elastic Net,$1.031$,$0.719$,$-0.313$,$-0.042$,$0.494$
$X_{PHA}$,g COD m$^{-3}$,Multi-task Lasso,$1.032$,$0.719$,$-0.313$,$-0.043$,$0.494$
$X_{PHA}$,g COD m$^{-3}$,MLP,$0.350$,$0.328$,$-0.022$,$0.880$,$0.895$
$X_{PHA}$,g COD m$^{-3}$,TabNet,$0.550$,$0.499$,$-0.052$,$0.703$,$0.756$
$X_{AOB}$,g COD m$^{-3}$,XGBoost,$0.427$,$0.418$,$-0.009$,$0.880$,$0.885$
$X_{AOB}$,g COD m$^{-3}$,LightGBM,$0.430$,$0.421$,$-0.008$,$0.878$,$0.883$
$X_{AOB}$,g COD m$^{-3}$,CatBoost,$0.411$,$0.402$,$-0.009$,$0.889$,$0.894$
$X_{AOB}$,g COD m$^{-3}$,AdaBoost,$0.804$,$0.796$,$-0.008$,$0.574$,$0.582$
$X_{AOB}$,g COD m$^{-3}$,Random Forest,$1.158$,$1.133$,$-0.025$,$0.115$,$0.153$
$X_{AOB}$,g COD m$^{-3}$,Extra Trees,$0.746$,$0.731$,$-0.014$,$0.633$,$0.647$
$X_{AOB}$,g COD m$^{-3}$,SVR,$0.552$,$0.549$,$-0.003$,$0.799$,$0.801$
$X_{AOB}$,g COD m$^{-3}$,$k$-NN,$0.719$,$0.706$,$-0.013$,$0.659$,$0.671$
$X_{AOB}$,g COD m$^{-3}$,PLS,$0.910$,$0.908$,$-0.001$,$0.455$,$0.456$
$X_{AOB}$,g COD m$^{-3}$,Multi-task Elastic Net,$0.725$,$0.716$,$-0.010$,$0.653$,$0.662$
$X_{AOB}$,g COD m$^{-3}$,Multi-task Lasso,$0.726$,$0.716$,$-0.010$,$0.653$,$0.662$
$X_{AOB}$,g COD m$^{-3}$,MLP,$0.245$,$0.244$,$-0.001$,$0.961$,$0.961$
$X_{AOB}$,g COD m$^{-3}$,TabNet,$0.364$,$0.361$,$-0.003$,$0.912$,$0.914$
$X_{NOB}$,g COD m$^{-3}$,XGBoost,$0.291$,$0.289$,$-0.003$,$0.920$,$0.922$
$X_{NOB}$,g COD m$^{-3}$,LightGBM,$0.296$,$0.293$,$-0.003$,$0.918$,$0.919$
$X_{NOB}$,g COD m$^{-3}$,CatBoost,$0.281$,$0.279$,$-0.002$,$0.925$,$0.926$
$X_{NOB}$,g COD m$^{-3}$,AdaBoost,$0.481$,$0.475$,$-0.006$,$0.782$,$0.787$
$X_{NOB}$,g COD m$^{-3}$,Random Forest,$0.948$,$0.936$,$-0.012$,$0.153$,$0.174$
$X_{NOB}$,g COD m$^{-3}$,Extra Trees,$0.546$,$0.540$,$-0.006$,$0.719$,$0.725$
$X_{NOB}$,g COD m$^{-3}$,SVR,$0.468$,$0.466$,$-0.002$,$0.794$,$0.796$
$X_{NOB}$,g COD m$^{-3}$,$k$-NN,$0.549$,$0.545$,$-0.005$,$0.716$,$0.721$
$X_{NOB}$,g COD m$^{-3}$,PLS,$0.942$,$0.933$,$-0.010$,$0.164$,$0.181$
$X_{NOB}$,g COD m$^{-3}$,Multi-task Elastic Net,$0.499$,$0.490$,$-0.008$,$0.766$,$0.774$
$X_{NOB}$,g COD m$^{-3}$,Multi-task Lasso,$0.499$,$0.490$,$-0.008$,$0.766$,$0.774$
$X_{NOB}$,g COD m$^{-3}$,MLP,$0.225$,$0.225$,$-0.001$,$0.952$,$0.952$
$X_{NOB}$,g COD m$^{-3}$,TabNet,$0.308$,$0.308$,$-0.000$,$0.910$,$0.911$
$X_{MeP}$,g TSS m$^{-3}$,XGBoost,$0.255$,$0.241$,$-0.013$,$0.936$,$0.942$
$X_{MeP}$,g TSS m$^{-3}$,LightGBM,$0.239$,$0.233$,$-0.006$,$0.943$,$0.946$
$X_{MeP}$,g TSS m$^{-3}$,CatBoost,$0.230$,$0.223$,$-0.007$,$0.948$,$0.951$
$X_{MeP}$,g TSS m$^{-3}$,AdaBoost,$0.573$,$0.450$,$-0.123$,$0.674$,$0.799$
$X_{MeP}$,g TSS m$^{-3}$,Random Forest,$0.941$,$0.555$,$-0.386$,$0.121$,$0.695$
$X_{MeP}$,g TSS m$^{-3}$,Extra Trees,$0.788$,$0.420$,$-0.368$,$0.384$,$0.825$
$X_{MeP}$,g TSS m$^{-3}$,SVR,$0.395$,$0.321$,$-0.074$,$0.845$,$0.898$
$X_{MeP}$,g TSS m$^{-3}$,$k$-NN,$0.565$,$0.385$,$-0.180$,$0.684$,$0.853$
$X_{MeP}$,g TSS m$^{-3}$,PLS,$0.890$,$0.453$,$-0.437$,$0.215$,$0.797$
$X_{MeP}$,g TSS m$^{-3}$,Multi-task Elastic Net,$0.468$,$0.451$,$-0.016$,$0.783$,$0.798$
$X_{MeP}$,g TSS m$^{-3}$,Multi-task Lasso,$0.468$,$0.451$,$-0.016$,$0.783$,$0.798$
$X_{MeP}$,g TSS m$^{-3}$,MLP,$0.249$,$0.223$,$-0.025$,$0.939$,$0.950$
$X_{MeP}$,g TSS m$^{-3}$,TabNet,$0.393$,$0.288$,$-0.106$,$0.846$,$0.918$
$X_{MeOH}$,g TSS m$^{-3}$,XGBoost,$0.427$,$0.404$,$-0.023$,$0.861$,$0.876$
$X_{MeOH}$,g TSS m$^{-3}$,LightGBM,$0.410$,$0.390$,$-0.020$,$0.872$,$0.884$
$X_{MeOH}$,g TSS m$^{-3}$,CatBoost,$0.383$,$0.373$,$-0.010$,$0.888$,$0.894$
$X_{MeOH}$,g TSS m$^{-3}$,AdaBoost,$0.771$,$0.753$,$-0.018$,$0.547$,$0.568$
$X_{MeOH}$,g TSS m$^{-3}$,Random Forest,$1.048$,$0.929$,$-0.120$,$0.162$,$0.343$
$X_{MeOH}$,g TSS m$^{-3}$,Extra Trees,$0.826$,$0.703$,$-0.123$,$0.479$,$0.623$
$X_{MeOH}$,g TSS m$^{-3}$,SVR,$0.579$,$0.537$,$-0.042$,$0.744$,$0.780$
$X_{MeOH}$,g TSS m$^{-3}$,$k$-NN,$0.727$,$0.644$,$-0.083$,$0.597$,$0.684$
$X_{MeOH}$,g TSS m$^{-3}$,PLS,$0.971$,$0.758$,$-0.213$,$0.281$,$0.562$
$X_{MeOH}$,g TSS m$^{-3}$,Multi-task Elastic Net,$0.783$,$0.755$,$-0.028$,$0.532$,$0.565$
$X_{MeOH}$,g TSS m$^{-3}$,Multi-task Lasso,$0.783$,$0.755$,$-0.028$,$0.532$,$0.565$
$X_{MeOH}$,g TSS m$^{-3}$,MLP,$0.384$,$0.374$,$-0.010$,$0.888$,$0.893$
$X_{MeOH}$,g TSS m$^{-3}$,TabNet,$0.543$,$0.481$,$-0.062$,$0.775$,$0.823$
